{"roc_auc": 0.6666666666666666, "f1": 0.6824249165739711}